    0.0000000e+00, 0.0000000e+00, 0.0000000e+00, 0.0000000e+00, 0.0000000e+00,
    0.0000000e+00, 0.0000000e+00, 0.0000000e+00, 0.0000000e+00, 0.0000000e+00,
    0.0000000e+00, 0.0000000e+00, 0.0000000e+00, 0.0000000e+00, 0.0000000e+00,
    0.0000000e+00, 0.0000000e+00, 0.0000000e+00, 0.0000000e+00, 0.0000000e+00,  
    0.0000000e+00, 0.0000000e+00, 0.0000000e+00, 0.0000000e+00, 0.0000000e+00,
    0.0000000e+00, 0.0000000e+00, 0.0000000e+00, 0.0000000e+00, 0.0000000e+00,
    0.0000000e+00, 0.0000000e+00, 0.0000000e+00, 0.0000000e+00, 0.0000000e+00,
    0.0000000e+00, 0.0000000e+00, 0.0000000e+00, 0.0000000e+00, 0.0000000e+00,  
    0.0000000e+00, 0.0000000e+00, 0.0000000e+00, 0.0000000e+00, 0.0000000e+00,
    0.0000000e+00, 0.0000000e+00, 0.0000000e+00, 0.0000000e+00, 0.0000000e+00,
    0.0000000e+00, 0.0000000e+00, 0.0000000e+00, 1.7256809e+00, 3.4513619e+00,
    5.1770428e+00, 6.9027237e+00, 8.3346304e+00, 9.7665370e+00, 1.1198444e+01, 
    1.2630350e+01, 1.3531128e+01, 1.4431907e+01, 1.5332685e+01, 1.6233463e+01,
    1.6941634e+01, 1.7649805e+01, 1.8357977e+01, 1.9066148e+01, 1.9664397e+01,
    2.0262646e+01, 2.0860895e+01, 2.1459144e+01, 2.1987354e+01, 2.2515564e+01,
    2.3043774e+01, 2.3571984e+01, 2.4048638e+01, 2.4525292e+01, 2.5001946e+01,  
    2.5478599e+01, 2.5916342e+01, 2.6354086e+01, 2.6791829e+01, 2.7229572e+01,
    2.7636187e+01, 2.8042802e+01, 2.8449416e+01, 2.8856031e+01, 2.9235409e+01,
    2.9614786e+01, 2.9994163e+01, 3.0373541e+01, 3.0732490e+01, 3.1091440e+01,
    3.1450389e+01, 3.1809339e+01, 3.2149805e+01, 3.2490272e+01, 3.2830739e+01, 
    3.3171206e+01, 3.3495136e+01, 3.3819066e+01, 3.4142996e+01, 3.4466926e+01,
    3.4777237e+01, 3.5087549e+01, 3.5397860e+01, 3.5708171e+01, 3.6005837e+01,
    3.6303502e+01, 3.6601167e+01, 3.6898833e+01, 3.7185798e+01, 3.7472763e+01,
    3.7759728e+01, 3.8046693e+01, 3.8322957e+01, 3.8599222e+01, 3.8875486e+01,  
    3.9151751e+01, 3.9419261e+01, 3.9686770e+01, 3.9954280e+01, 4.0221790e+01,
    4.0481518e+01, 4.0741245e+01, 4.1000973e+01, 4.1260700e+01, 4.1512646e+01,
    4.1764591e+01, 4.2016537e+01, 4.2268482e+01, 4.2512646e+01, 4.2756809e+01,
    4.3000973e+01, 4.3245136e+01, 4.3483463e+01, 4.3721790e+01, 4.3960117e+01,  
    4.4198444e+01, 4.4430934e+01, 4.4663424e+01, 4.4895914e+01, 4.5128405e+01,
    4.5355058e+01, 4.5581712e+01, 4.5808366e+01, 4.6035019e+01, 4.6256809e+01,
    4.6478599e+01, 4.6700389e+01, 4.6922179e+01, 4.7138132e+01, 4.7354086e+01,
    4.7570039e+01, 4.7785992e+01, 4.7998054e+01, 4.8210117e+01, 4.8422179e+01,  
    4.8634241e+01, 4.8841440e+01, 4.9048638e+01, 4.9255837e+01, 4.9463035e+01,
    4.9666342e+01, 4.9869650e+01, 5.0072957e+01, 5.0276265e+01, 5.0476654e+01,
    5.0677043e+01, 5.0877432e+01, 5.1077821e+01, 5.1273346e+01, 5.1468872e+01,
    5.1664397e+01, 5.1859922e+01, 5.2052529e+01, 5.2245136e+01, 5.2437743e+01,  
    5.2630350e+01, 5.2819066e+01, 5.3007782e+01, 5.3196498e+01, 5.3385214e+01,
    5.3571012e+01, 5.3756809e+01, 5.3942607e+01, 5.4128405e+01, 5.4311284e+01,
    5.4494163e+01, 5.4677043e+01, 5.4859922e+01, 5.5039883e+01, 5.5219844e+01,
    5.5399805e+01, 5.5579767e+01, 5.5756809e+01, 5.5933852e+01, 5.6110895e+01,  
    5.6287938e+01, 5.6464008e+01, 5.6640078e+01, 5.6816148e+01, 5.6992218e+01,
    5.7163424e+01, 5.7334630e+01, 5.7505837e+01, 5.7677043e+01, 5.7846304e+01,
    5.8015564e+01, 5.8184825e+01, 5.8354086e+01, 5.8522374e+01, 5.8690661e+01,
    5.8858949e+01, 5.9027237e+01, 5.9191634e+01, 5.9356031e+01, 5.9520428e+01,  
    5.9684825e+01, 5.9848249e+01, 6.0011673e+01, 6.0175097e+01, 6.0338521e+01,
    6.0499027e+01, 6.0659533e+01, 6.0820039e+01, 6.0980545e+01, 6.1139105e+01,
    6.1297665e+01, 6.1456226e+01, 6.1614786e+01, 6.1772374e+01, 6.1929961e+01,
    6.2087549e+01, 6.2245136e+01, 6.2399805e+01, 6.2554475e+01, 6.2709144e+01,  
    6.2863813e+01, 6.3016537e+01, 6.3169261e+01, 6.3321984e+01, 6.3474708e+01,
    6.3626459e+01, 6.3778210e+01, 6.3929961e+01, 6.4081712e+01, 6.4231518e+01,
    6.4381323e+01, 6.4531128e+01, 6.4680934e+01, 6.4828794e+01, 6.4976654e+01,
    6.5124514e+01, 6.5272374e+01, 6.5419261e+01, 6.5566148e+01, 6.5713035e+01,  
    6.5859922e+01, 6.6004864e+01, 6.6149805e+01, 6.6294747e+01, 6.6439689e+01,
    6.6583658e+01, 6.6727626e+01, 6.6871595e+01, 6.7015564e+01, 6.7156615e+01,
    6.7297665e+01, 6.7438716e+01, 6.7579767e+01, 6.7720817e+01, 6.7861868e+01,
    6.8002918e+01, 6.8143969e+01, 6.8283074e+01, 6.8422179e+01, 6.8561284e+01,  
    6.8700389e+01, 6.8838521e+01, 6.8976654e+01, 6.9114786e+01, 6.9252918e+01,
    6.9389105e+01, 6.9525292e+01, 6.9661479e+01, 6.9797665e+01, 6.9932879e+01,
    7.0068093e+01, 7.0203307e+01, 7.0338521e+01, 7.0472763e+01, 7.0607004e+01,
    7.0741245e+01, 7.0875486e+01, 7.1007782e+01, 7.1140078e+01, 7.1272374e+01,  
    7.1404669e+01, 7.1536965e+01, 7.1669261e+01, 7.1801556e+01, 7.1933852e+01,
    7.2064202e+01, 7.2194553e+01, 7.2324903e+01, 7.2455253e+01, 7.2584630e+01,
    7.2714008e+01, 7.2843385e+01, 7.2972763e+01, 7.3101167e+01, 7.3229572e+01,
    7.3357977e+01, 7.3486381e+01, 7.3613813e+01, 7.3741245e+01, 7.3868677e+01,  
    7.3996109e+01, 7.4121595e+01, 7.4247082e+01, 7.4372568e+01, 7.4498054e+01,
    7.4623541e+01, 7.4749027e+01, 7.4874514e+01, 7.5000000e+01, 7.5124514e+01,
    7.5249027e+01, 7.5373541e+01, 7.5498054e+01, 7.5621595e+01, 7.5745136e+01,
    7.5868677e+01, 7.5992218e+01, 7.6113813e+01, 7.6235409e+01, 7.6357004e+01,  
    7.6478599e+01, 7.6600195e+01, 7.6721790e+01, 7.6843385e+01, 7.6964981e+01,
    7.7085603e+01, 7.7206226e+01, 7.7326848e+01, 7.7447471e+01, 7.7567121e+01,
    7.7686770e+01, 7.7806420e+01, 7.7926070e+01, 7.8043774e+01, 7.8161479e+01,
    7.8279183e+01, 7.8396887e+01, 7.8515564e+01, 7.8634241e+01, 7.8752918e+01,  
    7.8871595e+01, 7.8988327e+01, 7.9105058e+01, 7.9221790e+01, 7.9338521e+01,
    7.9454280e+01, 7.9570039e+01, 7.9685798e+01, 7.9801556e+01, 7.9917315e+01,
    8.0033074e+01, 8.0148833e+01, 8.0264591e+01, 8.0378405e+01, 8.0492218e+01,
    8.0606031e+01, 8.0719844e+01, 8.0834630e+01, 8.0949416e+01, 8.1064202e+01,  
    8.1178988e+01, 8.1291829e+01, 8.1404669e+01, 8.1517510e+01, 8.1630350e+01,
    8.1742218e+01, 8.1854086e+01, 8.1965953e+01, 8.2077821e+01, 8.2189689e+01,
    8.2301556e+01, 8.2413424e+01, 8.2525292e+01, 8.2636187e+01, 8.2747082e+01,
    8.2857977e+01, 8.2968872e+01, 8.3078794e+01, 8.3188716e+01, 8.3298638e+01,  
    8.3408560e+01, 8.3517510e+01, 8.3626459e+01, 8.3735409e+01, 8.3844358e+01,
    8.3953307e+01, 8.4062257e+01, 8.4171206e+01, 8.4280156e+01, 8.4388132e+01,
    8.4496109e+01, 8.4604086e+01, 8.4712062e+01, 8.4820039e+01, 8.4928016e+01,
    8.5035992e+01, 8.5143969e+01, 8.5250000e+01, 8.5356031e+01, 8.5462062e+01,  
    8.5568093e+01, 8.5675097e+01, 8.5782101e+01, 8.5889105e+01, 8.5996109e+01,
    8.6101167e+01, 8.6206226e+01, 8.6311284e+01, 8.6416342e+01, 8.6521401e+01,
    8.6626459e+01, 8.6731518e+01, 8.6836576e+01, 8.6940661e+01, 8.7044747e+01,
    8.7148833e+01, 8.7252918e+01, 8.7356031e+01, 8.7459144e+01, 8.7562257e+01,  
    8.7665370e+01, 8.7769455e+01, 8.7873541e+01, 8.7977626e+01, 8.8081712e+01,
    8.8183852e+01, 8.8285992e+01, 8.8388132e+01, 8.8490272e+01, 8.8592412e+01,
    8.8694553e+01, 8.8796693e+01, 8.8898833e+01, 8.9000000e+01, 8.9101167e+01,
    8.9202335e+01, 8.9303502e+01, 8.9403696e+01, 8.9503891e+01, 8.9604086e+01,  
    8.9704280e+01, 8.9805447e+01, 8.9906615e+01, 9.0007782e+01, 9.0108949e+01,
    9.0208171e+01, 9.0307393e+01, 9.0406615e+01, 9.0505837e+01, 9.0605058e+01,
    9.0704280e+01, 9.0803502e+01, 9.0902724e+01, 9.1001946e+01, 9.1101167e+01,
    9.1200389e+01, 9.1299611e+01, 9.1397860e+01, 9.1496109e+01, 9.1594358e+01,  
    9.1692607e+01, 9.1789883e+01, 9.1887160e+01, 9.1984436e+01, 9.2081712e+01,
    9.2178988e+01, 9.2276265e+01, 9.2373541e+01, 9.2470817e+01, 9.2568093e+01,
    9.2665370e+01, 9.2762646e+01, 9.2859922e+01, 9.2955253e+01, 9.3050584e+01,
    9.3145914e+01, 9.3241245e+01, 9.3337549e+01, 9.3433852e+01, 9.3530156e+01,  
    9.3626459e+01, 9.3721790e+01, 9.3817121e+01, 9.3912451e+01, 9.4007782e+01,
    9.4102140e+01, 9.4196498e+01, 9.4290856e+01, 9.4385214e+01, 9.4479572e+01,
    9.4573930e+01, 9.4668288e+01, 9.4762646e+01, 9.4857004e+01, 9.4951362e+01,
    9.5045720e+01, 9.5140078e+01, 9.5233463e+01, 9.5326848e+01, 9.5420233e+01,  
    9.5513619e+01, 9.5607004e+01, 9.5700389e+01, 9.5793774e+01, 9.5887160e+01,
    9.5979572e+01, 9.6071984e+01, 9.6164397e+01, 9.6256809e+01, 9.6349222e+01,
    9.6441634e+01, 9.6534047e+01, 9.6626459e+01, 9.6717899e+01, 9.6809339e+01,
    9.6900778e+01, 9.6992218e+01, 9.7083658e+01, 9.7175097e+01, 9.7266537e+01,  
    9.7357977e+01, 9.7449416e+01, 9.7540856e+01, 9.7632296e+01, 9.7723735e+01,
    9.7814202e+01, 9.7904669e+01, 9.7995136e+01, 9.8085603e+01, 9.8175097e+01,
    9.8264591e+01, 9.8354086e+01, 9.8443580e+01, 9.8534047e+01, 9.8624514e+01,
    9.8714981e+01, 9.8805447e+01, 9.8894942e+01, 9.8984436e+01, 9.9073930e+01,  
    9.9163424e+01, 9.9251946e+01, 9.9340467e+01, 9.9428988e+01, 9.9517510e+01,
    9.9606031e+01, 9.9694553e+01, 9.9783074e+01, 9.9871595e+01, 9.9960117e+01,
    1.0004864e+02, 1.0013716e+02, 1.0022568e+02, 1.0031323e+02, 1.0040078e+02,
    1.0048833e+02, 1.0057588e+02, 1.0066342e+02, 1.0075097e+02, 1.0083852e+02,  
    1.0092607e+02, 1.0101362e+02, 1.0110117e+02, 1.0118872e+02, 1.0127626e+02,
    1.0136284e+02, 1.0144942e+02, 1.0153599e+02, 1.0162257e+02, 1.0170914e+02,
    1.0179572e+02, 1.0188230e+02, 1.0196887e+02, 1.0205447e+02, 1.0214008e+02,
    1.0222568e+02, 1.0231128e+02, 1.0239689e+02, 1.0248249e+02, 1.0256809e+02,  
    1.0265370e+02, 1.0273930e+02, 1.0282490e+02, 1.0291051e+02, 1.0299611e+02,
    1.0308074e+02, 1.0316537e+02, 1.0325000e+02, 1.0333463e+02, 1.0341926e+02,
    1.0350389e+02, 1.0358852e+02, 1.0367315e+02, 1.0375875e+02, 1.0384436e+02,
    1.0392996e+02, 1.0401556e+02, 1.0409922e+02, 1.0418288e+02, 1.0426654e+02,  
    1.0435019e+02, 1.0443385e+02, 1.0451751e+02, 1.0460117e+02, 1.0468482e+02,
    1.0476848e+02, 1.0485214e+02, 1.0493580e+02, 1.0501946e+02, 1.0510214e+02,
    1.0518482e+02, 1.0526751e+02, 1.0535019e+02, 1.0543288e+02, 1.0551556e+02,
    1.0559825e+02, 1.0568093e+02, 1.0576362e+02, 1.0584630e+02, 1.0592899e+02,  
    1.0601167e+02, 1.0609339e+02, 1.0617510e+02, 1.0625681e+02, 1.0633852e+02,
    1.0642023e+02, 1.0650195e+02, 1.0658366e+02, 1.0666537e+02, 1.0674708e+02,
    1.0682879e+02, 1.0691051e+02, 1.0699222e+02, 1.0707393e+02, 1.0715564e+02,
    1.0723735e+02, 1.0731907e+02, 1.0739981e+02, 1.0748054e+02, 1.0756128e+02,  
    1.0764202e+02, 1.0772276e+02, 1.0780350e+02, 1.0788424e+02, 1.0796498e+02,
    1.0804572e+02, 1.0812646e+02, 1.0820720e+02, 1.0828794e+02, 1.0836770e+02,
    1.0844747e+02, 1.0852724e+02, 1.0860700e+02, 1.0868677e+02, 1.0876654e+02,
    1.0884630e+02, 1.0892607e+02, 1.0900584e+02, 1.0908560e+02, 1.0916537e+02,  
    1.0924514e+02, 1.0932393e+02, 1.0940272e+02, 1.0948152e+02, 1.0956031e+02,
    1.0963911e+02, 1.0971790e+02, 1.0979669e+02, 1.0987549e+02, 1.0995428e+02,
    1.1003307e+02, 1.1011187e+02, 1.1019066e+02, 1.1026946e+02, 1.1034825e+02,
    1.1042704e+02, 1.1050584e+02, 1.1058366e+02, 1.1066148e+02, 1.1073930e+02,  
    1.1081712e+02, 1.1089494e+02, 1.1097276e+02, 1.1105058e+02, 1.1112840e+02,
    1.1120623e+02, 1.1128405e+02, 1.1136187e+02, 1.1143969e+02, 1.1151751e+02,
    1.1159533e+02, 1.1167315e+02, 1.1175097e+02, 1.1182782e+02, 1.1190467e+02,
    1.1198152e+02, 1.1205837e+02, 1.1213521e+02, 1.1221206e+02, 1.1228891e+02,  
    1.1236576e+02, 1.1244261e+02, 1.1251946e+02, 1.1259630e+02, 1.1267315e+02,
    1.1275000e+02, 1.1282685e+02, 1.1290370e+02, 1.1298054e+02, 1.1305642e+02,
    1.1313230e+02, 1.1320817e+02, 1.1328405e+02, 1.1335992e+02, 1.1343580e+02,
    1.1351167e+02, 1.1358755e+02, 1.1366342e+02, 1.1373930e+02, 1.1381518e+02,  
    1.1389105e+02, 1.1396595e+02, 1.1404086e+02, 1.1411576e+02, 1.1419066e+02,
    1.1426556e+02, 1.1434047e+02, 1.1441537e+02, 1.1449027e+02, 1.1456518e+02,
    1.1464008e+02, 1.1471498e+02, 1.1478988e+02, 1.1486479e+02, 1.1493969e+02,
    1.1501459e+02, 1.1508949e+02, 1.1516440e+02, 1.1523930e+02, 1.1531420e+02,  
    1.1538911e+02, 1.1546304e+02, 1.1553696e+02, 1.1561089e+02, 1.1568482e+02,
    1.1575875e+02, 1.1583268e+02, 1.1590661e+02, 1.1598054e+02, 1.1605447e+02,
    1.1612840e+02, 1.1620233e+02, 1.1627626e+02, 1.1634922e+02, 1.1642218e+02,
    1.1649514e+02, 1.1656809e+02, 1.1664202e+02, 1.1671595e+02, 1.1678988e+02,  
    1.1686381e+02, 1.1693677e+02, 1.1700973e+02, 1.1708268e+02, 1.1715564e+02,
    1.1722860e+02, 1.1730156e+02, 1.1737451e+02, 1.1744747e+02, 1.1752043e+02,
    1.1759339e+02, 1.1766634e+02, 1.1773930e+02, 1.1781128e+02, 1.1788327e+02,
    1.1795525e+02, 1.1802724e+02, 1.1809922e+02, 1.1817121e+02, 1.1824319e+02,  
    1.1831518e+02, 1.1838716e+02, 1.1845914e+02, 1.1853113e+02, 1.1860311e+02,
    1.1867510e+02, 1.1874708e+02, 1.1881907e+02, 1.1889105e+02, 1.1896304e+02,
    1.1903502e+02, 1.1910700e+02, 1.1917899e+02, 1.1925000e+02, 1.1932101e+02,
    1.1939202e+02, 1.1946304e+02, 1.1953502e+02, 1.1960700e+02, 1.1967899e+02,  
    1.1975097e+02, 1.1982198e+02, 1.1989300e+02, 1.1996401e+02, 1.2003502e+02,
    1.2010506e+02, 1.2017510e+02, 1.2024514e+02, 1.2031518e+02, 1.2038619e+02,
    1.2045720e+02, 1.2052821e+02, 1.2059922e+02, 1.2066926e+02, 1.2073930e+02,
    1.2080934e+02, 1.2087938e+02, 1.2095039e+02, 1.2102140e+02, 1.2109241e+02,  
    1.2116342e+02, 1.2123249e+02, 1.2130156e+02, 1.2137062e+02, 1.2143969e+02,
    1.2150973e+02, 1.2157977e+02, 1.2164981e+02, 1.2171984e+02, 1.2178988e+02,
    1.2185992e+02, 1.2192996e+02, 1.2200000e+02, 1.2206907e+02, 1.2213813e+02,
    1.2220720e+02, 1.2227626e+02, 1.2234533e+02, 1.2241440e+02, 1.2248346e+02,  
    1.2255253e+02, 1.2262257e+02, 1.2269261e+02, 1.2276265e+02, 1.2283268e+02,
    1.2290078e+02, 1.2296887e+02, 1.2303696e+02, 1.2310506e+02, 1.2317412e+02,
    1.2324319e+02, 1.2331226e+02, 1.2338132e+02, 1.2344942e+02, 1.2351751e+02,
    1.2358560e+02, 1.2365370e+02, 1.2372276e+02, 1.2379183e+02, 1.2386089e+02,  
    1.2392996e+02, 1.2399805e+02, 1.2406615e+02, 1.2413424e+02, 1.2420233e+02,
    1.2426946e+02, 1.2433658e+02, 1.2440370e+02, 1.2447082e+02, 1.2453891e+02,
    1.2460700e+02, 1.2467510e+02, 1.2474319e+02, 1.2481128e+02, 1.2487938e+02,
    1.2494747e+02, 1.2501556e+02, 1.2508268e+02, 1.2514981e+02, 1.2521693e+02,  
    1.2528405e+02, 1.2535117e+02, 1.2541829e+02, 1.2548541e+02, 1.2555253e+02,
    1.2561965e+02, 1.2568677e+02, 1.2575389e+02, 1.2582101e+02, 1.2588813e+02,
    1.2595525e+02, 1.2602237e+02, 1.2608949e+02, 1.2615661e+02, 1.2622374e+02,
    1.2629086e+02, 1.2635798e+02, 1.2642412e+02, 1.2649027e+02, 1.2655642e+02,  
    1.2662257e+02, 1.2668872e+02, 1.2675486e+02, 1.2682101e+02, 1.2688716e+02,
    1.2695428e+02, 1.2702140e+02, 1.2708852e+02, 1.2715564e+02, 1.2722082e+02,
    1.2728599e+02, 1.2735117e+02, 1.2741634e+02, 1.2748249e+02, 1.2754864e+02,
    1.2761479e+02, 1.2768093e+02, 1.2774708e+02, 1.2781323e+02, 1.2787938e+02,  
    1.2794553e+02, 1.2801070e+02, 1.2807588e+02, 1.2814105e+02, 1.2820623e+02,
    1.2827140e+02, 1.2833658e+02, 1.2840175e+02, 1.2846693e+02, 1.2853307e+02,
    1.2859922e+02, 1.2866537e+02, 1.2873152e+02, 1.2879669e+02, 1.2886187e+02,
    1.2892704e+02, 1.2899222e+02, 1.2905642e+02, 1.2912062e+02, 1.2918482e+02,  
    1.2924903e+02, 1.2931420e+02, 1.2937938e+02, 1.2944455e+02, 1.2950973e+02,
    1.2957393e+02, 1.2963813e+02, 1.2970233e+02, 1.2976654e+02, 1.2983171e+02,
    1.2989689e+02, 1.2996206e+02, 1.3002724e+02, 1.3009144e+02, 1.3015564e+02,
    1.3021984e+02, 1.3028405e+02, 1.3034825e+02, 1.3041245e+02, 1.3047665e+02,  
    1.3054086e+02, 1.3060506e+02, 1.3066926e+02, 1.3073346e+02, 1.3079767e+02,
    1.3086187e+02, 1.3092607e+02, 1.3099027e+02, 1.3105447e+02, 1.3111770e+02,
    1.3118093e+02, 1.3124416e+02, 1.3130739e+02, 1.3137062e+02, 1.3143385e+02,
    1.3149708e+02, 1.3156031e+02, 1.3162451e+02, 1.3168872e+02, 1.3175292e+02,  
    1.3181712e+02, 1.3188035e+02, 1.3194358e+02, 1.3200681e+02, 1.3207004e+02,
    1.3213230e+02, 1.3219455e+02, 1.3225681e+02, 1.3231907e+02, 1.3238230e+02,
    1.3244553e+02, 1.3250875e+02, 1.3257198e+02, 1.3263521e+02, 1.3269844e+02,
    1.3276167e+02, 1.3282490e+02, 1.3288813e+02, 1.3295136e+02, 1.3301459e+02,  
    1.3307782e+02, 1.3314008e+02, 1.3320233e+02, 1.3326459e+02, 1.3332685e+02,
    1.3338911e+02, 1.3345136e+02, 1.3351362e+02, 1.3357588e+02, 1.3363813e+02,
    1.3370039e+02, 1.3376265e+02, 1.3382490e+02, 1.3388716e+02, 1.3394942e+02,
    1.3401167e+02, 1.3407393e+02, 1.3413619e+02, 1.3419844e+02, 1.3426070e+02,  
    1.3432296e+02, 1.3438424e+02, 1.3444553e+02, 1.3450681e+02, 1.3456809e+02,
    1.3463035e+02, 1.3469261e+02, 1.3475486e+02, 1.3481712e+02, 1.3487840e+02,
    1.3493969e+02, 1.3500097e+02, 1.3506226e+02, 1.3512354e+02, 1.3518482e+02,
    1.3524611e+02, 1.3530739e+02, 1.3536868e+02, 1.3542996e+02, 1.3549125e+02,  
    1.3555253e+02, 1.3561381e+02, 1.3567510e+02, 1.3573638e+02, 1.3579767e+02,
    1.3585895e+02, 1.3592023e+02, 1.3598152e+02, 1.3604280e+02, 1.3610409e+02,
    1.3616537e+02, 1.3622665e+02, 1.3628794e+02, 1.3634825e+02, 1.3640856e+02,
    1.3646887e+02, 1.3652918e+02, 1.3659047e+02, 1.3665175e+02, 1.3671304e+02,  
    1.3677432e+02, 1.3683463e+02, 1.3689494e+02, 1.3695525e+02, 1.3701556e+02,
    1.3707588e+02, 1.3713619e+02, 1.3719650e+02, 1.3725681e+02, 1.3731712e+02,
    1.3737743e+02, 1.3743774e+02, 1.3749805e+02, 1.3755837e+02, 1.3761868e+02,
    1.3767899e+02, 1.3773930e+02, 1.3779961e+02, 1.3785992e+02, 1.3792023e+02,  
    1.3798054e+02, 1.3803988e+02, 1.3809922e+02, 1.3815856e+02, 1.3821790e+02,
    1.3827821e+02, 1.3833852e+02, 1.3839883e+02, 1.3845914e+02, 1.3851848e+02,
    1.3857782e+02, 1.3863716e+02, 1.3869650e+02, 1.3875584e+02, 1.3881518e+02,
    1.3887451e+02, 1.3893385e+02, 1.3899319e+02, 1.3905253e+02, 1.3911187e+02,  
    1.3917121e+02, 1.3923054e+02, 1.3928988e+02, 1.3934922e+02, 1.3940856e+02,
    1.3946790e+02, 1.3952724e+02, 1.3958658e+02, 1.3964591e+02, 1.3970525e+02,
    1.3976459e+02, 1.3982393e+02, 1.3988327e+02, 1.3994261e+02, 1.4000195e+02,
    1.4006128e+02, 1.4012062e+02, 1.4017899e+02, 1.4023735e+02, 1.4029572e+02, 
    1.4035409e+02, 1.4041245e+02, 1.4047082e+02, 1.4052918e+02, 1.4058755e+02,
    1.4064689e+02, 1.4070623e+02, 1.4076556e+02, 1.4082490e+02, 1.4088327e+02,
    1.4094163e+02, 1.4100000e+02, 1.4105837e+02, 1.4111673e+02, 1.4117510e+02,
    1.4123346e+02, 1.4129183e+02, 1.4135019e+02, 1.4140856e+02, 1.4146693e+02,  
    1.4152529e+02, 1.4158268e+02, 1.4164008e+02, 1.4169747e+02, 1.4175486e+02,
    1.4181323e+02, 1.4187160e+02, 1.4192996e+02, 1.4198833e+02, 1.4204669e+02,
    1.4210506e+02, 1.4216342e+02, 1.4222179e+02, 1.4227918e+02, 1.4233658e+02,
    1.4239397e+02, 1.4245136e+02, 1.4250875e+02, 1.4256615e+02, 1.4262354e+02,  
    1.4268093e+02, 1.4273930e+02, 1.4279767e+02, 1.4285603e+02, 1.4291440e+02,
    1.4297179e+02, 1.4302918e+02, 1.4308658e+02, 1.4314397e+02, 1.4320136e+02,
    1.4325875e+02, 1.4331615e+02, 1.4337354e+02, 1.4342996e+02, 1.4348638e+02,
    1.4354280e+02, 1.4359922e+02, 1.4365661e+02, 1.4371401e+02, 1.4377140e+02,  
    1.4382879e+02, 1.4388619e+02, 1.4394358e+02, 1.4400097e+02, 1.4405837e+02,
    1.4411479e+02, 1.4417121e+02, 1.4422763e+02, 1.4428405e+02, 1.4434144e+02,
    1.4439883e+02, 1.4445623e+02, 1.4451362e+02, 1.4457004e+02, 1.4462646e+02,
    1.4468288e+02, 1.4473930e+02, 1.4479572e+02, 1.4485214e+02, 1.4490856e+02,  
    1.4496498e+02, 1.4502140e+02, 1.4507782e+02, 1.4513424e+02, 1.4519066e+02,
    1.4524708e+02, 1.4530350e+02, 1.4535992e+02, 1.4541634e+02, 1.4547276e+02,
    1.4552918e+02, 1.4558560e+02, 1.4564202e+02, 1.4569844e+02, 1.4575486e+02,
    1.4581128e+02, 1.4586770e+02, 1.4592315e+02, 1.4597860e+02, 1.4603405e+02,  
    1.4608949e+02, 1.4614591e+02, 1.4620233e+02, 1.4625875e+02, 1.4631518e+02,
    1.4637062e+02, 1.4642607e+02, 1.4648152e+02, 1.4653696e+02, 1.4659339e+02,
    1.4664981e+02, 1.4670623e+02, 1.4676265e+02, 1.4681809e+02, 1.4687354e+02,
    1.4692899e+02, 1.4698444e+02, 1.4703988e+02, 1.4709533e+02, 1.4715078e+02,  
    1.4720623e+02, 1.4726167e+02, 1.4731712e+02, 1.4737257e+02, 1.4742802e+02,
    1.4748346e+02, 1.4753891e+02, 1.4759436e+02, 1.4764981e+02, 1.4770525e+02,
    1.4776070e+02, 1.4781615e+02, 1.4787160e+02, 1.4792704e+02, 1.4798249e+02,
    1.4803794e+02, 1.4809339e+02, 1.4814786e+02, 1.4820233e+02, 1.4825681e+02,  
    1.4831128e+02, 1.4836576e+02, 1.4842023e+02, 1.4847471e+02, 1.4852918e+02,
    1.4858463e+02, 1.4864008e+02, 1.4869553e+02, 1.4875097e+02, 1.4880545e+02,
    1.4885992e+02, 1.4891440e+02, 1.4896887e+02, 1.4902335e+02, 1.4907782e+02,
    1.4913230e+02, 1.4918677e+02, 1.4924125e+02, 1.4929572e+02, 1.4935019e+02,  
    1.4940467e+02, 1.4946012e+02, 1.4951556e+02, 1.4957101e+02, 1.4962646e+02,
    1.4968093e+02, 1.4973541e+02, 1.4978988e+02, 1.4984436e+02, 1.4989786e+02,
    1.4995136e+02, 1.5000486e+02, 1.5005837e+02, 1.5011284e+02, 1.5016732e+02,
    1.5022179e+02, 1.5027626e+02, 1.5033074e+02, 1.5038521e+02, 1.5043969e+02, 
    1.5049416e+02, 1.5054767e+02, 1.5060117e+02, 1.5065467e+02, 1.5070817e+02,
    1.5076265e+02, 1.5081712e+02, 1.5087160e+02, 1.5092607e+02, 1.5097957e+02,
    1.5103307e+02, 1.5108658e+02, 1.5114008e+02, 1.5119358e+02, 1.5124708e+02,
    1.5130058e+02, 1.5135409e+02, 1.5140759e+02, 1.5146109e+02, 1.5151459e+02,  
    1.5156809e+02, 1.5162160e+02, 1.5167510e+02, 1.5172860e+02, 1.5178210e+02,
    1.5183560e+02, 1.5188911e+02, 1.5194261e+02, 1.5199611e+02, 1.5204961e+02,
    1.5210311e+02, 1.5215661e+02, 1.5221012e+02, 1.5226362e+02, 1.5231712e+02,
    1.5237062e+02, 1.5242412e+02, 1.5247763e+02, 1.5253113e+02, 1.5258463e+02,  
    1.5263813e+02, 1.5269066e+02, 1.5274319e+02, 1.5279572e+02, 1.5284825e+02,
    1.5290175e+02, 1.5295525e+02, 1.5300875e+02, 1.5306226e+02, 1.5311479e+02,
    1.5316732e+02, 1.5321984e+02, 1.5327237e+02, 1.5332490e+02, 1.5337743e+02,
    1.5342996e+02, 1.5348249e+02, 1.5353599e+02, 1.5358949e+02, 1.5364300e+02,  
    1.5369650e+02, 1.5374903e+02, 1.5380156e+02, 1.5385409e+02, 1.5390661e+02,
    1.5395914e+02, 1.5401167e+02, 1.5406420e+02, 1.5411673e+02, 1.5416926e+02,
    1.5422179e+02, 1.5427432e+02, 1.5432685e+02, 1.5437938e+02, 1.5443191e+02,
    1.5448444e+02, 1.5453696e+02, 1.5458852e+02, 1.5464008e+02, 1.5469163e+02,  
    1.5474319e+02, 1.5479572e+02, 1.5484825e+02, 1.5490078e+02, 1.5495331e+02,
    1.5500584e+02, 1.5505837e+02, 1.5511089e+02, 1.5516342e+02, 1.5521498e+02,
    1.5526654e+02, 1.5531809e+02, 1.5536965e+02, 1.5542218e+02, 1.5547471e+02,
    1.5552724e+02, 1.5557977e+02, 1.5563132e+02, 1.5568288e+02, 1.5573444e+02,  
    1.5578599e+02, 1.5583852e+02, 1.5589105e+02, 1.5594358e+02, 1.5599611e+02,
    1.5604767e+02, 1.5609922e+02, 1.5615078e+02, 1.5620233e+02, 1.5625389e+02,
    1.5630545e+02, 1.5635700e+02, 1.5640856e+02, 1.5646012e+02, 1.5651167e+02,
    1.5656323e+02, 1.5661479e+02, 1.5666634e+02, 1.5671790e+02, 1.5676946e+02,  
    1.5682101e+02, 1.5687257e+02, 1.5692412e+02, 1.5697568e+02, 1.5702724e+02,
    1.5707782e+02, 1.5712840e+02, 1.5717899e+02, 1.5722957e+02, 1.5728113e+02,
    1.5733268e+02, 1.5738424e+02, 1.5743580e+02, 1.5748638e+02, 1.5753696e+02,
    1.5758755e+02, 1.5763813e+02, 1.5768969e+02, 1.5774125e+02, 1.5779280e+02,  
    1.5784436e+02, 1.5789591e+02, 1.5794747e+02, 1.5799903e+02, 1.5805058e+02,
    1.5810117e+02, 1.5815175e+02, 1.5820233e+02, 1.5825292e+02, 1.5830350e+02,
    1.5835409e+02, 1.5840467e+02, 1.5845525e+02, 1.5850584e+02, 1.5855642e+02,
    1.5860700e+02, 1.5865759e+02, 1.5870817e+02, 1.5875875e+02, 1.5880934e+02,  
    1.5885992e+02, 1.5891148e+02, 1.5896304e+02, 1.5901459e+02, 1.5906615e+02,
    1.5911576e+02, 1.5916537e+02, 1.5921498e+02, 1.5926459e+02, 1.5931518e+02,
    1.5936576e+02, 1.5941634e+02, 1.5946693e+02, 1.5951751e+02, 1.5956809e+02,
    1.5961868e+02, 1.5966926e+02, 1.5971984e+02, 1.5977043e+02, 1.5982101e+02,  
    1.5987160e+02, 1.5992218e+02, 1.5997276e+02, 1.6002335e+02, 1.6007393e+02,
    1.6012354e+02, 1.6017315e+02, 1.6022276e+02, 1.6027237e+02, 1.6032198e+02,
    1.6037160e+02, 1.6042121e+02, 1.6047082e+02, 1.6052140e+02, 1.6057198e+02,
    1.6062257e+02, 1.6067315e+02, 1.6072276e+02, 1.6077237e+02, 1.6082198e+02,  
    1.6087160e+02, 1.6092218e+02, 1.6097276e+02, 1.6102335e+02, 1.6107393e+02,
    1.6112354e+02, 1.6117315e+02, 1.6122276e+02, 1.6127237e+02, 1.6132198e+02,
    1.6137160e+02, 1.6142121e+02, 1.6147082e+02, 1.6152043e+02, 1.6157004e+02,
    1.6161965e+02, 1.6166926e+02, 1.6171887e+02, 1.6176848e+02, 1.6181809e+02,  
    1.6186770e+02, 1.6191732e+02, 1.6196693e+02, 1.6201654e+02, 1.6206615e+02,
    1.6211479e+02, 1.6216342e+02, 1.6221206e+02, 1.6226070e+02, 1.6231031e+02,
    1.6235992e+02, 1.6240953e+02, 1.6245914e+02, 1.6250875e+02, 1.6255837e+02,
    1.6260798e+02, 1.6265759e+02, 1.6270720e+02, 1.6275681e+02, 1.6280642e+02,  
    1.6285603e+02, 1.6290467e+02, 1.6295331e+02, 1.6300195e+02, 1.6305058e+02,
    1.6309922e+02, 1.6314786e+02, 1.6319650e+02, 1.6324514e+02, 1.6329475e+02,
    1.6334436e+02, 1.6339397e+02, 1.6344358e+02, 1.6349222e+02, 1.6354086e+02,
    1.6358949e+02, 1.6363813e+02, 1.6368677e+02, 1.6373541e+02, 1.6378405e+02,  
    1.6383268e+02, 1.6388230e+02, 1.6393191e+02, 1.6398152e+02, 1.6403113e+02,
    1.6407977e+02, 1.6412840e+02, 1.6417704e+02, 1.6422568e+02, 1.6427335e+02,
    1.6432101e+02, 1.6436868e+02, 1.6441634e+02, 1.6446498e+02, 1.6451362e+02,
    1.6456226e+02, 1.6461089e+02, 1.6465953e+02, 1.6470817e+02, 1.6475681e+02,  
    1.6480545e+02, 1.6485409e+02, 1.6490272e+02, 1.6495136e+02, 1.6500000e+02,
    1.6504864e+02, 1.6509728e+02, 1.6514591e+02, 1.6519455e+02, 1.6524222e+02,
    1.6528988e+02, 1.6533755e+02, 1.6538521e+02, 1.6543385e+02, 1.6548249e+02,
    1.6553113e+02, 1.6557977e+02, 1.6562840e+02, 1.6567704e+02, 1.6572568e+02,  
    1.6577432e+02, 1.6582198e+02, 1.6586965e+02, 1.6591732e+02, 1.6596498e+02,
    1.6601362e+02, 1.6606226e+02, 1.6611089e+02, 1.6615953e+02, 1.6620720e+02,
    1.6625486e+02, 1.6630253e+02, 1.6635019e+02, 1.6639786e+02, 1.6644553e+02,
    1.6649319e+02, 1.6654086e+02, 1.6658852e+02, 1.6663619e+02, 1.6668385e+02,  
    1.6673152e+02, 1.6677918e+02, 1.6682685e+02, 1.6687451e+02, 1.6692218e+02,
    1.6696984e+02, 1.6701751e+02, 1.6706518e+02, 1.6711284e+02, 1.6716051e+02,
    1.6720817e+02, 1.6725584e+02, 1.6730350e+02, 1.6735117e+02, 1.6739883e+02,
    1.6744650e+02, 1.6749416e+02, 1.6754183e+02, 1.6758949e+02, 1.6763716e+02,  
    1.6768482e+02, 1.6773249e+02, 1.6778016e+02, 1.6782782e+02, 1.6787549e+02,
    1.6792315e+02, 1.6797082e+02, 1.6801848e+02, 1.6806615e+02, 1.6811284e+02,
    1.6815953e+02, 1.6820623e+02, 1.6825292e+02, 1.6830058e+02, 1.6834825e+02,
    1.6839591e+02, 1.6844358e+02, 1.6849027e+02, 1.6853696e+02, 1.6858366e+02,  
    1.6863035e+02, 1.6867802e+02, 1.6872568e+02, 1.6877335e+02, 1.6882101e+02,
    1.6886770e+02, 1.6891440e+02, 1.6896109e+02, 1.6900778e+02, 1.6905447e+02,
    1.6910117e+02, 1.6914786e+02, 1.6919455e+02, 1.6924222e+02, 1.6928988e+02,
    1.6933755e+02, 1.6938521e+02, 1.6943191e+02, 1.6947860e+02, 1.6952529e+02,  
    1.6957198e+02, 1.6961868e+02, 1.6966537e+02, 1.6971206e+02, 1.6975875e+02,
    1.6980545e+02, 1.6985214e+02, 1.6989883e+02, 1.6994553e+02, 1.6999222e+02,
    1.7003891e+02, 1.7008560e+02, 1.7013230e+02, 1.7017899e+02, 1.7022568e+02,
    1.7027237e+02, 1.7031907e+02, 1.7036576e+02, 1.7041245e+02, 1.7045914e+02,  
    1.7050584e+02, 1.7055253e+02, 1.7059922e+02, 1.7064591e+02, 1.7069261e+02,
    1.7073833e+02, 1.7078405e+02, 1.7082977e+02, 1.7087549e+02, 1.7092218e+02,
    1.7096887e+02, 1.7101556e+02, 1.7106226e+02, 1.7110895e+02, 1.7115564e+02,
    1.7120233e+02, 1.7124903e+02, 1.7129475e+02, 1.7134047e+02, 1.7138619e+02,  
    1.7143191e+02, 1.7147860e+02, 1.7152529e+02, 1.7157198e+02, 1.7161868e+02,
    1.7166440e+02, 1.7171012e+02, 1.7175584e+02, 1.7180156e+02, 1.7184825e+02,
    1.7189494e+02, 1.7194163e+02, 1.7198833e+02, 1.7203405e+02, 1.7207977e+02,
    1.7212549e+02, 1.7217121e+02, 1.7221693e+02, 1.7226265e+02, 1.7230837e+02,  
    1.7235409e+02, 1.7239981e+02, 1.7244553e+02, 1.7249125e+02, 1.7253696e+02,
    1.7258268e+02, 1.7262840e+02, 1.7267412e+02, 1.7271984e+02, 1.7276654e+02,
    1.7281323e+02, 1.7285992e+02, 1.7290661e+02, 1.7295233e+02, 1.7299805e+02,
    1.7304377e+02, 1.7308949e+02, 1.7313424e+02, 1.7317899e+02, 1.7322374e+02,  
    1.7326848e+02, 1.7331420e+02, 1.7335992e+02, 1.7340564e+02, 1.7345136e+02,
    1.7349708e+02, 1.7354280e+02, 1.7358852e+02, 1.7363424e+02, 1.7367996e+02,
    1.7372568e+02, 1.7377140e+02, 1.7381712e+02, 1.7386284e+02, 1.7390856e+02,
    1.7395428e+02, 1.7400000e+02, 1.7404475e+02, 1.7408949e+02, 1.7413424e+02,  
    1.7417899e+02, 1.7422471e+02, 1.7427043e+02, 1.7431615e+02, 1.7436187e+02,
    1.7440661e+02, 1.7445136e+02, 1.7449611e+02, 1.7454086e+02, 1.7458658e+02,
    1.7463230e+02, 1.7467802e+02, 1.7472374e+02, 1.7476946e+02, 1.7481518e+02,
    1.7486089e+02, 1.7490661e+02, 1.7495136e+02, 1.7499611e+02, 1.7504086e+02,  
    1.7508560e+02, 1.7513035e+02, 1.7517510e+02, 1.7521984e+02, 1.7526459e+02,
    1.7530934e+02, 1.7535409e+02, 1.7539883e+02, 1.7544358e+02, 1.7548930e+02,
    1.7553502e+02, 1.7558074e+02, 1.7562646e+02, 1.7567121e+02, 1.7571595e+02,
    1.7576070e+02, 1.7580545e+02, 1.7585019e+02, 1.7589494e+02, 1.7593969e+02,  
    1.7598444e+02, 1.7602918e+02, 1.7607393e+02, 1.7611868e+02, 1.7616342e+02,
    1.7620817e+02, 1.7625292e+02, 1.7629767e+02, 1.7634241e+02, 1.7638716e+02,
    1.7643191e+02, 1.7647665e+02, 1.7652140e+02, 1.7656615e+02, 1.7661089e+02,
    1.7665564e+02, 1.7670039e+02, 1.7674416e+02, 1.7678794e+02, 1.7683171e+02,  
    1.7687549e+02, 1.7692023e+02, 1.7696498e+02, 1.7700973e+02, 1.7705447e+02,
    1.7709922e+02, 1.7714397e+02, 1.7718872e+02, 1.7723346e+02, 1.7727724e+02,
    1.7732101e+02, 1.7736479e+02, 1.7740856e+02, 1.7745331e+02, 1.7749805e+02,
    1.7754280e+02, 1.7758755e+02, 1.7763230e+02, 1.7767704e+02, 1.7772179e+02,  
    1.7776654e+02, 1.7781031e+02, 1.7785409e+02, 1.7789786e+02, 1.7794163e+02,
    1.7798638e+02, 1.7803113e+02, 1.7807588e+02, 1.7812062e+02, 1.7816440e+02,
    1.7820817e+02, 1.7825195e+02, 1.7829572e+02, 1.7833949e+02, 1.7838327e+02,
    1.7842704e+02, 1.7847082e+02, 1.7851459e+02, 1.7855837e+02, 1.7860214e+02,  
    1.7864591e+02, 1.7869066e+02, 1.7873541e+02, 1.7878016e+02, 1.7882490e+02,
    1.7886868e+02, 1.7891245e+02, 1.7895623e+02, 1.7900000e+02, 1.7904377e+02,
    1.7908755e+02, 1.7913132e+02, 1.7917510e+02, 1.7921887e+02, 1.7926265e+02,
    1.7930642e+02, 1.7935019e+02, 1.7939397e+02, 1.7943774e+02, 1.7948152e+02,  
    1.7952529e+02, 1.7956907e+02, 1.7961284e+02, 1.7965661e+02, 1.7970039e+02,
    1.7974416e+02, 1.7978794e+02, 1.7983171e+02, 1.7987549e+02, 1.7991926e+02,
    1.7996304e+02, 1.8000681e+02, 1.8005058e+02, 1.8009339e+02, 1.8013619e+02,
    1.8017899e+02, 1.8022179e+02, 1.8026556e+02, 1.8030934e+02, 1.8035311e+02,  
    1.8039689e+02, 1.8044066e+02, 1.8048444e+02, 1.8052821e+02, 1.8057198e+02,
    1.8061479e+02, 1.8065759e+02, 1.8070039e+02, 1.8074319e+02, 1.8078696e+02,
    1.8083074e+02, 1.8087451e+02, 1.8091829e+02, 1.8096206e+02, 1.8100584e+02,
    1.8104961e+02, 1.8109339e+02, 1.8113619e+02, 1.8117899e+02, 1.8122179e+02,  
    1.8126459e+02, 1.8130739e+02, 1.8135019e+02, 1.8139300e+02, 1.8143580e+02,
    1.8147957e+02, 1.8152335e+02, 1.8156712e+02, 1.8161089e+02, 1.8165370e+02,
    1.8169650e+02, 1.8173930e+02, 1.8178210e+02, 1.8182588e+02, 1.8186965e+02,
    1.8191342e+02, 1.8195720e+02, 1.8200000e+02, 1.8204280e+02, 1.8208560e+02,  
    1.8212840e+02, 1.8217121e+02, 1.8221401e+02, 1.8225681e+02, 1.8229961e+02,
    1.8234241e+02, 1.8238521e+02, 1.8242802e+02, 1.8247082e+02, 1.8251362e+02,
    1.8255642e+02, 1.8259922e+02, 1.8264202e+02, 1.8268482e+02, 1.8272763e+02,
    1.8277043e+02, 1.8281323e+02, 1.8285603e+02, 1.8289883e+02, 1.8294163e+02,  
    1.8298444e+02, 1.8302724e+02, 1.8307004e+02, 1.8311284e+02, 1.8315564e+02,
    1.8319844e+02, 1.8324125e+02, 1.8328405e+02, 1.8332685e+02, 1.8336965e+02,
    1.8341245e+02, 1.8345525e+02, 1.8349805e+02, 1.8353988e+02, 1.8358171e+02,
    1.8362354e+02, 1.8366537e+02, 1.8370817e+02, 1.8375097e+02, 1.8379377e+02,  
    1.8383658e+02, 1.8387938e+02, 1.8392218e+02, 1.8396498e+02, 1.8400778e+02,
    1.8405058e+02, 1.8409339e+02, 1.8413619e+02, 1.8417899e+02, 1.8422082e+02,
    1.8426265e+02, 1.8430447e+02, 1.8434630e+02, 1.8438911e+02, 1.8443191e+02,
    1.8447471e+02, 1.8451751e+02, 1.8455934e+02, 1.8460117e+02, 1.8464300e+02,  
    1.8468482e+02, 1.8472763e+02, 1.8477043e+02, 1.8481323e+02, 1.8485603e+02,
    1.8489786e+02, 1.8493969e+02, 1.8498152e+02, 1.8502335e+02, 1.8506518e+02,
    1.8510700e+02, 1.8514883e+02, 1.8519066e+02, 1.8523346e+02, 1.8527626e+02,
    1.8531907e+02, 1.8536187e+02, 1.8540370e+02, 1.8544553e+02, 1.8548735e+02,  
    1.8552918e+02, 1.8557101e+02, 1.8561284e+02, 1.8565467e+02, 1.8569650e+02,
    1.8573833e+02, 1.8578016e+02, 1.8582198e+02, 1.8586381e+02, 1.8590564e+02,
    1.8594747e+02, 1.8598930e+02, 1.8603113e+02, 1.8607296e+02, 1.8611479e+02,
    1.8615661e+02, 1.8619844e+02, 1.8624027e+02, 1.8628210e+02, 1.8632393e+02,  
    1.8636576e+02, 1.8640759e+02, 1.8644942e+02, 1.8649125e+02, 1.8653307e+02,
    1.8657490e+02, 1.8661673e+02, 1.8665856e+02, 1.8670039e+02, 1.8674222e+02,
    1.8678405e+02, 1.8682588e+02, 1.8686770e+02, 1.8690953e+02, 1.8695136e+02,
    1.8699319e+02, 1.8703502e+02, 1.8707685e+02, 1.8711868e+02, 1.8716051e+02,  
    1.8720233e+02, 1.8724319e+02, 1.8728405e+02, 1.8732490e+02, 1.8736576e+02,
    1.8740759e+02, 1.8744942e+02, 1.8749125e+02, 1.8753307e+02, 1.8757490e+02,
    1.8761673e+02, 1.8765856e+02, 1.8770039e+02, 1.8774222e+02, 1.8778405e+02,
    1.8782588e+02, 1.8786770e+02, 1.8790856e+02, 1.8794942e+02, 1.8799027e+02,  
    1.8803113e+02, 1.8807296e+02, 1.8811479e+02, 1.8815661e+02, 1.8819844e+02,
    1.8823930e+02, 1.8828016e+02, 1.8832101e+02, 1.8836187e+02, 1.8840272e+02,
    1.8844358e+02, 1.8848444e+02, 1.8852529e+02, 1.8856712e+02, 1.8860895e+02,
    1.8865078e+02, 1.8869261e+02, 1.8873346e+02, 1.8877432e+02, 1.8881518e+02,  
    1.8885603e+02, 1.8889786e+02, 1.8893969e+02, 1.8898152e+02, 1.8902335e+02,
    1.8906420e+02, 1.8910506e+02, 1.8914591e+02, 1.8918677e+02, 1.8922763e+02,
    1.8926848e+02, 1.8930934e+02, 1.8935019e+02, 1.8939105e+02, 1.8943191e+02,
    1.8947276e+02, 1.8951362e+02, 1.8955447e+02, 1.8959533e+02, 1.8963619e+02,  
    1.8967704e+02, 1.8971790e+02, 1.8975875e+02, 1.8979961e+02, 1.8984047e+02,
    1.8988132e+02, 1.8992218e+02, 1.8996304e+02, 1.9000389e+02, 1.9004475e+02,
    1.9008560e+02, 1.9012646e+02, 1.9016732e+02, 1.9020817e+02, 1.9024903e+02,
    1.9028988e+02, 1.9033074e+02, 1.9037160e+02, 1.9041245e+02, 1.9045331e+02,  
    1.9049416e+02, 1.9053502e+02, 1.9057588e+02, 1.9061673e+02, 1.9065759e+02,
    1.9069844e+02, 1.9073930e+02, 1.9078016e+02, 1.9082101e+02, 1.9086187e+02,
    1.9090272e+02, 1.9094358e+02, 1.9098444e+02, 1.9102432e+02, 1.9106420e+02,
    1.9110409e+02, 1.9114397e+02, 1.9118482e+02, 1.9122568e+02, 1.9126654e+02,  
    1.9130739e+02, 1.9134825e+02, 1.9138911e+02, 1.9142996e+02, 1.9147082e+02,
    1.9151070e+02, 1.9155058e+02, 1.9159047e+02, 1.9163035e+02, 1.9167121e+02,
    1.9171206e+02, 1.9175292e+02, 1.9179377e+02, 1.9183366e+02, 1.9187354e+02,
    1.9191342e+02, 1.9195331e+02, 1.9199416e+02, 1.9203502e+02, 1.9207588e+02,  
    1.9211673e+02, 1.9215661e+02, 1.9219650e+02, 1.9223638e+02, 1.9227626e+02,
    1.9231712e+02, 1.9235798e+02, 1.9239883e+02, 1.9243969e+02, 1.9247957e+02,
    1.9251946e+02, 1.9255934e+02, 1.9259922e+02, 1.9263911e+02, 1.9267899e+02,
    1.9271887e+02, 1.9275875e+02, 1.9279961e+02, 1.9284047e+02, 1.9288132e+02,  
    1.9292218e+02, 1.9296206e+02, 1.9300195e+02, 1.9304183e+02, 1.9308171e+02,
    1.9312160e+02, 1.9316148e+02, 1.9320136e+02, 1.9324125e+02, 1.9328113e+02,
    1.9332101e+02, 1.9336089e+02, 1.9340078e+02, 1.9344066e+02, 1.9348054e+02,
    1.9352043e+02, 1.9356031e+02, 1.9360019e+02, 1.9364008e+02, 1.9367996e+02,
    1.9371984e+02, 1.9375973e+02, 1.9379961e+02, 1.9383949e+02, 1.9387938e+02,
    1.9391926e+02, 1.9395914e+02, 1.9399903e+02, 1.9403891e+02, 1.9407879e+02,
    1.9411868e+02, 1.9415856e+02, 1.9419844e+02, 1.9423833e+02, 1.9427821e+02,
    1.9431809e+02, 1.9435798e+02, 1.9439786e+02, 1.9443774e+02, 1.9447763e+02,
    1.9451751e+02, 1.9455739e+02, 1.9459728e+02, 1.9463716e+02, 1.9467704e+02,
    1.9471693e+02, 1.9475681e+02, 1.9479669e+02, 1.9483658e+02, 1.9487646e+02,
    1.9491634e+02, 1.9495623e+02, 1.9499611e+02, 1.9503502e+02, 1.9507393e+02,
    1.9511284e+02, 1.9515175e+02, 1.9519163e+02, 1.9523152e+02, 1.9527140e+02,  
    1.9531128e+02, 1.9535019e+02, 1.9538911e+02, 1.9542802e+02, 1.9546693e+02,
    1.9550681e+02, 1.9554669e+02, 1.9558658e+02, 1.9562646e+02, 1.9566634e+02,
    1.9570623e+02, 1.9574611e+02, 1.9578599e+02, 1.9582490e+02, 1.9586381e+02,
    1.9590272e+02, 1.9594163e+02, 1.9598152e+02, 1.9602140e+02, 1.9606128e+02,  
    1.9610117e+02, 1.9614008e+02, 1.9617899e+02, 1.9621790e+02, 1.9625681e+02,
    1.9629572e+02, 1.9633463e+02, 1.9637354e+02, 1.9641245e+02, 1.9645233e+02,
    1.9649222e+02, 1.9653210e+02, 1.9657198e+02, 1.9661089e+02, 1.9664981e+02,
    1.9668872e+02, 1.9672763e+02, 1.9676654e+02, 1.9680545e+02, 1.9684436e+02,  
    1.9688327e+02, 1.9692315e+02, 1.9696304e+02, 1.9700292e+02, 1.9704280e+02,
    1.9708171e+02, 1.9712062e+02, 1.9715953e+02, 1.9719844e+02, 1.9723735e+02,
    1.9727626e+02, 1.9731518e+02, 1.9735409e+02, 1.9739300e+02, 1.9743191e+02,
    1.9747082e+02, 1.9750973e+02, 1.9754864e+02, 1.9758755e+02, 1.9762646e+02,  
    1.9766537e+02, 1.9770428e+02, 1.9774319e+02, 1.9778210e+02, 1.9782101e+02,
    1.9785992e+02, 1.9789883e+02, 1.9793774e+02, 1.9797665e+02, 1.9801556e+02,
    1.9805447e+02, 1.9809339e+02, 1.9813230e+02, 1.9817121e+02, 1.9821012e+02,
    1.9824903e+02, 1.9828794e+02, 1.9832685e+02, 1.9836576e+02, 1.9840467e+02,  
    1.9844358e+02, 1.9848249e+02, 1.9852140e+02, 1.9856031e+02, 1.9859922e+02,
    1.9863813e+02, 1.9867704e+02, 1.9871595e+02, 1.9875486e+02, 1.9879280e+02,
    1.9883074e+02, 1.9886868e+02, 1.9890661e+02, 1.9894553e+02, 1.9898444e+02,
    1.9902335e+02, 1.9906226e+02, 1.9910117e+02, 1.9914008e+02, 1.9917899e+02,  
    1.9921790e+02, 1.9925584e+02, 1.9929377e+02, 1.9933171e+02, 1.9936965e+02,
    1.9940856e+02, 1.9944747e+02, 1.9948638e+02, 1.9952529e+02, 1.9956420e+02,
    1.9960311e+02, 1.9964202e+02, 1.9968093e+02, 1.9971887e+02, 1.9975681e+02,
    1.9979475e+02, 1.9983268e+02, 1.9987160e+02, 1.9991051e+02, 1.9994942e+02,  
    1.9998833e+02, 2.0002626e+02, 2.0006420e+02, 2.0010214e+02, 2.0014008e+02,
    2.0017899e+02, 2.0021790e+02, 2.0025681e+02, 2.0029572e+02, 2.0033366e+02,
    2.0037160e+02, 2.0040953e+02, 2.0044747e+02, 2.0048541e+02, 2.0052335e+02,
    2.0056128e+02, 2.0059922e+02, 2.0063813e+02, 2.0067704e+02, 2.0071595e+02,  
    2.0075486e+02, 2.0079280e+02, 2.0083074e+02, 2.0086868e+02, 2.0090661e+02,
    2.0094553e+02, 2.0098444e+02, 2.0102335e+02, 2.0106226e+02, 2.0110019e+02,
    2.0113813e+02, 2.0117607e+02, 2.0121401e+02, 2.0125195e+02, 2.0128988e+02,
    2.0132782e+02, 2.0136576e+02, 2.0140370e+02, 2.0144163e+02, 2.0147957e+02,  
    2.0151751e+02, 2.0155545e+02, 2.0159339e+02, 2.0163132e+02, 2.0166926e+02,
    2.0170720e+02, 2.0174514e+02, 2.0178307e+02, 2.0182101e+02, 2.0185895e+02,
    2.0189689e+02, 2.0193482e+02, 2.0197276e+02, 2.0201070e+02, 2.0204864e+02,
    2.0208658e+02, 2.0212451e+02, 2.0216245e+02, 2.0220039e+02, 2.0223833e+02,  
    2.0227626e+02, 2.0231420e+02, 2.0235214e+02, 2.0239008e+02, 2.0242802e+02,
    2.0246595e+02, 2.0250389e+02, 2.0254183e+02, 2.0257977e+02, 2.0261770e+02,
    2.0265564e+02, 2.0269358e+02, 2.0273152e+02, 2.0276946e+02, 2.0280739e+02,
    2.0284533e+02, 2.0288327e+02, 2.0292121e+02, 2.0295914e+02, 2.0299708e+02,  
    2.0303502e+02, 2.0307296e+02, 2.0311089e+02, 2.0314883e+02, 2.0318677e+02,
    2.0322374e+02, 2.0326070e+02, 2.0329767e+02, 2.0333463e+02, 2.0337257e+02,
    2.0341051e+02, 2.0344844e+02, 2.0348638e+02, 2.0352432e+02, 2.0356226e+02,
    2.0360019e+02, 2.0363813e+02, 2.0367510e+02, 2.0371206e+02, 2.0374903e+02,  
    2.0378599e+02, 2.0382393e+02, 2.0386187e+02, 2.0389981e+02, 2.0393774e+02,
    2.0397568e+02, 2.0401362e+02, 2.0405156e+02, 2.0408949e+02, 2.0412646e+02,
    2.0416342e+02, 2.0420039e+02, 2.0423735e+02, 2.0427432e+02, 2.0431128e+02,
    2.0434825e+02, 2.0438521e+02, 2.0442315e+02, 2.0446109e+02, 2.0449903e+02,  
    2.0453696e+02, 2.0457393e+02, 2.0461089e+02, 2.0464786e+02, 2.0468482e+02,
    2.0472276e+02, 2.0476070e+02, 2.0479864e+02, 2.0483658e+02, 2.0487354e+02,
    2.0491051e+02, 2.0494747e+02, 2.0498444e+02, 2.0502237e+02, 2.0506031e+02,
    2.0509825e+02, 2.0513619e+02, 2.0517315e+02, 2.0521012e+02, 2.0524708e+02,  
    2.0528405e+02, 2.0532101e+02, 2.0535798e+02, 2.0539494e+02, 2.0543191e+02,
    2.0546887e+02, 2.0550584e+02, 2.0554280e+02, 2.0557977e+02, 2.0561770e+02,
    2.0565564e+02, 2.0569358e+02, 2.0573152e+02, 2.0576848e+02, 2.0580545e+02,
    2.0584241e+02, 2.0587938e+02, 2.0591634e+02, 2.0595331e+02, 2.0599027e+02,  
    2.0602724e+02, 2.0606420e+02, 2.0610117e+02, 2.0613813e+02, 2.0617510e+02,
    2.0621206e+02, 2.0624903e+02, 2.0628599e+02, 2.0632296e+02, 2.0635992e+02,
    2.0639689e+02, 2.0643385e+02, 2.0647082e+02, 2.0650778e+02, 2.0654475e+02,
    2.0658171e+02, 2.0661868e+02, 2.0665564e+02, 2.0669261e+02, 2.0672957e+02,  
    2.0676654e+02, 2.0680350e+02, 2.0684047e+02, 2.0687743e+02, 2.0691440e+02,
    2.0695136e+02, 2.0698833e+02, 2.0702529e+02, 2.0706226e+02, 2.0709922e+02,
    2.0713619e+02, 2.0717315e+02, 2.0721012e+02, 2.0724708e+02, 2.0728405e+02,
    2.0732101e+02, 2.0735798e+02, 2.0739397e+02, 2.0742996e+02, 2.0746595e+02,  
    2.0750195e+02, 2.0753891e+02, 2.0757588e+02, 2.0761284e+02, 2.0764981e+02,
    2.0768677e+02, 2.0772374e+02, 2.0776070e+02, 2.0779767e+02, 2.0783463e+02,
    2.0787160e+02, 2.0790856e+02, 2.0794553e+02, 2.0798152e+02, 2.0801751e+02,
    2.0805350e+02, 2.0808949e+02, 2.0812646e+02, 2.0816342e+02, 2.0820039e+02,  
    2.0823735e+02, 2.0827432e+02, 2.0831128e+02, 2.0834825e+02, 2.0838521e+02,
    2.0842121e+02, 2.0845720e+02, 2.0849319e+02, 2.0852918e+02, 2.0856615e+02,
    2.0860311e+02, 2.0864008e+02, 2.0867704e+02, 2.0871304e+02, 2.0874903e+02,
    2.0878502e+02, 2.0882101e+02, 2.0885798e+02, 2.0889494e+02, 2.0893191e+02,  
    2.0896887e+02, 2.0900486e+02, 2.0904086e+02, 2.0907685e+02, 2.0911284e+02,
    2.0914981e+02, 2.0918677e+02, 2.0922374e+02, 2.0926070e+02, 2.0929669e+02,
    2.0933268e+02, 2.0936868e+02, 2.0940467e+02, 2.0944066e+02, 2.0947665e+02,
    2.0951265e+02, 2.0954864e+02, 2.0958560e+02, 2.0962257e+02, 2.0965953e+02,  
    2.0969650e+02, 2.0973249e+02, 2.0976848e+02, 2.0980447e+02, 2.0984047e+02,
    2.0987646e+02, 2.0991245e+02, 2.0994844e+02, 2.0998444e+02, 2.1002140e+02,
    2.1005837e+02, 2.1009533e+02, 2.1013230e+02, 2.1016829e+02, 2.1020428e+02,
    2.1024027e+02, 2.1027626e+02, 2.1031226e+02, 2.1034825e+02, 2.1038424e+02,  
    2.1042023e+02, 2.1045623e+02, 2.1049222e+02, 2.1052821e+02, 2.1056420e+02,
    2.1060019e+02, 2.1063619e+02, 2.1067218e+02, 2.1070817e+02, 2.1074416e+02,
    2.1078016e+02, 2.1081615e+02, 2.1085214e+02, 2.1088911e+02, 2.1092607e+02,
    2.1096304e+02, 2.1100000e+02, 2.1103599e+02, 2.1107198e+02, 2.1110798e+02, 
    2.1114397e+02, 2.1117899e+02, 2.1121401e+02, 2.1124903e+02, 2.1128405e+02,
    2.1132004e+02, 2.1135603e+02, 2.1139202e+02, 2.1142802e+02, 2.1146401e+02,
    2.1150000e+02, 2.1153599e+02, 2.1157198e+02, 2.1160798e+02, 2.1164397e+02,
    2.1167996e+02, 2.1171595e+02, 2.1175195e+02, 2.1178794e+02, 2.1182393e+02,  
    2.1185992e+02, 2.1189591e+02, 2.1193191e+02, 2.1196790e+02, 2.1200389e+02,
    2.1203988e+02, 2.1207588e+02, 2.1211187e+02, 2.1214786e+02, 2.1218385e+02,
    2.1221984e+02, 2.1225584e+02, 2.1229183e+02, 2.1232685e+02, 2.1236187e+02,
    2.1239689e+02, 2.1243191e+02, 2.1246790e+02, 2.1250389e+02, 2.1253988e+02,  
    2.1257588e+02, 2.1261187e+02, 2.1264786e+02, 2.1268385e+02, 2.1271984e+02,
    2.1275584e+02, 2.1279183e+02, 2.1282782e+02, 2.1286381e+02, 2.1289883e+02,
    2.1293385e+02, 2.1296887e+02, 2.1300389e+02, 2.1303988e+02, 2.1307588e+02,
    2.1311187e+02, 2.1314786e+02, 2.1318288e+02, 2.1321790e+02, 2.1325292e+02,  
    2.1328794e+02, 2.1332393e+02, 2.1335992e+02, 2.1339591e+02, 2.1343191e+02,
    2.1346693e+02, 2.1350195e+02, 2.1353696e+02, 2.1357198e+02, 2.1360798e+02,
    2.1364397e+02, 2.1367996e+02, 2.1371595e+02, 2.1375097e+02, 2.1378599e+02,
    2.1382101e+02, 2.1385603e+02, 2.1389202e+02, 2.1392802e+02, 2.1396401e+02,  
    2.1400000e+02, 2.1403502e+02, 2.1407004e+02, 2.1410506e+02, 2.1414008e+02,
    2.1417607e+02, 2.1421206e+02, 2.1424805e+02, 2.1428405e+02, 2.1431907e+02,
    2.1435409e+02, 2.1438911e+02, 2.1442412e+02, 2.1445914e+02, 2.1449416e+02,
    2.1452918e+02, 2.1456420e+02, 2.1460019e+02, 2.1463619e+02, 2.1467218e+02,  
    2.1470817e+02, 2.1474319e+02, 2.1477821e+02, 2.1481323e+02, 2.1484825e+02,
    2.1488327e+02, 2.1491829e+02, 2.1495331e+02, 2.1498833e+02, 2.1502335e+02,
    2.1505837e+02, 2.1509339e+02, 2.1512840e+02, 2.1516342e+02, 2.1519844e+02,
    2.1523346e+02, 2.1526848e+02, 2.1530447e+02, 2.1534047e+02, 2.1537646e+02, 
    2.1541245e+02, 2.1544747e+02, 2.1548249e+02, 2.1551751e+02, 2.1555253e+02,
    2.1558755e+02, 2.1562257e+02, 2.1565759e+02, 2.1569261e+02, 2.1572763e+02,
    2.1576265e+02, 2.1579767e+02, 2.1583268e+02, 2.1586770e+02, 2.1590272e+02,
    2.1593774e+02, 2.1597276e+02, 2.1600778e+02, 2.1604280e+02, 2.1607782e+02, 
    2.1611284e+02, 2.1614786e+02, 2.1618288e+02, 2.1621790e+02, 2.1625292e+02,
    2.1628794e+02, 2.1632296e+02, 2.1635798e+02, 2.1639300e+02, 2.1642802e+02,
    2.1646304e+02, 2.1649805e+02, 2.1653307e+02, 2.1656809e+02, 2.1660311e+02,
    2.1663813e+02, 2.1667315e+02, 2.1670817e+02, 2.1674319e+02, 2.1677821e+02,  
    2.1681323e+02, 2.1684728e+02, 2.1688132e+02, 2.1691537e+02, 2.1694942e+02,
    2.1698444e+02, 2.1701946e+02, 2.1705447e+02, 2.1708949e+02, 2.1712451e+02,
    2.1715953e+02, 2.1719455e+02, 2.1722957e+02, 2.1726459e+02, 2.1729961e+02,
    2.1733463e+02, 2.1736965e+02, 2.1740370e+02, 2.1743774e+02, 2.1747179e+02,  
    2.1750584e+02, 2.1754086e+02, 2.1757588e+02, 2.1761089e+02, 2.1764591e+02,
    2.1768093e+02, 2.1771595e+02, 2.1775097e+02, 2.1778599e+02, 2.1782101e+02,
    2.1785603e+02, 2.1789105e+02, 2.1792607e+02, 2.1796012e+02, 2.1799416e+02,
    2.1802821e+02, 2.1806226e+02, 2.1809728e+02, 2.1813230e+02, 2.1816732e+02,  
    2.1820233e+02, 2.1823638e+02, 2.1827043e+02, 2.1830447e+02, 2.1833852e+02,
    2.1837354e+02, 2.1840856e+02, 2.1844358e+02, 2.1847860e+02, 2.1851265e+02,
    2.1854669e+02, 2.1858074e+02, 2.1861479e+02, 2.1864981e+02, 2.1868482e+02,
    2.1871984e+02, 2.1875486e+02, 2.1878891e+02, 2.1882296e+02, 2.1885700e+02,  
    2.1889105e+02, 2.1892607e+02, 2.1896109e+02, 2.1899611e+02, 2.1903113e+02,
    2.1906518e+02, 2.1909922e+02, 2.1913327e+02, 2.1916732e+02, 2.1920233e+02,
    2.1923735e+02, 2.1927237e+02, 2.1930739e+02, 2.1934144e+02, 2.1937549e+02,
    2.1940953e+02, 2.1944358e+02, 2.1947763e+02, 2.1951167e+02, 2.1954572e+02,  
    2.1957977e+02, 2.1961381e+02, 2.1964786e+02, 2.1968191e+02, 2.1971595e+02,
    2.1975097e+02, 2.1978599e+02, 2.1982101e+02, 2.1985603e+02, 2.1989008e+02,
    2.1992412e+02, 2.1995817e+02, 2.1999222e+02, 2.2002626e+02, 2.2006031e+02,
    2.2009436e+02, 2.2012840e+02, 2.2016245e+02, 2.2019650e+02, 2.2023054e+02,  
    2.2026459e+02, 2.2029961e+02, 2.2033463e+02, 2.2036965e+02, 2.2040467e+02,
    2.2043872e+02, 2.2047276e+02, 2.2050681e+02, 2.2054086e+02, 2.2057490e+02,
    2.2060895e+02, 2.2064300e+02, 2.2067704e+02, 2.2071109e+02, 2.2074514e+02,
    2.2077918e+02, 2.2081323e+02, 2.2084728e+02, 2.2088132e+02, 2.2091537e+02,  
    2.2094942e+02, 2.2098346e+02, 2.2101751e+02, 2.2105156e+02, 2.2108560e+02,
    2.2111965e+02, 2.2115370e+02, 2.2118774e+02, 2.2122179e+02, 2.2125584e+02,
    2.2128988e+02, 2.2132393e+02, 2.2135798e+02, 2.2139202e+02, 2.2142607e+02,
    2.2146012e+02, 2.2149416e+02, 2.2152821e+02, 2.2156226e+02, 2.2159630e+02,  
    2.2163035e+02, 2.2166440e+02, 2.2169844e+02, 2.2173249e+02, 2.2176654e+02,
    2.2180058e+02, 2.2183463e+02, 2.2186868e+02, 2.2190272e+02, 2.2193677e+02,
    2.2197082e+02, 2.2200486e+02, 2.2203891e+02, 2.2207198e+02, 2.2210506e+02,
    2.2213813e+02, 2.2217121e+02, 2.2220525e+02, 2.2223930e+02, 2.2227335e+02,  
    2.2230739e+02, 2.2234144e+02, 2.2237549e+02, 2.2240953e+02, 2.2244358e+02,
    2.2247763e+02, 2.2251167e+02, 2.2254572e+02, 2.2257977e+02, 2.2261381e+02,
    2.2264786e+02, 2.2268191e+02, 2.2271595e+02, 2.2274903e+02, 2.2278210e+02,
    2.2281518e+02, 2.2284825e+02, 2.2288230e+02, 2.2291634e+02, 2.2295039e+02,  
    2.2298444e+02, 2.2301848e+02, 2.2305253e+02, 2.2308658e+02, 2.2312062e+02,
    2.2315370e+02, 2.2318677e+02, 2.2321984e+02, 2.2325292e+02, 2.2328696e+02,
    2.2332101e+02, 2.2335506e+02, 2.2338911e+02, 2.2342218e+02, 2.2345525e+02,
    2.2348833e+02, 2.2352140e+02, 2.2355545e+02, 2.2358949e+02, 2.2362354e+02,  
    2.2365759e+02, 2.2369163e+02, 2.2372568e+02, 2.2375973e+02, 2.2379377e+02,
    2.2382685e+02, 2.2385992e+02, 2.2389300e+02, 2.2392607e+02, 2.2396012e+02,
    2.2399416e+02, 2.2402821e+02, 2.2406226e+02, 2.2409533e+02, 2.2412840e+02,
    2.2416148e+02, 2.2419455e+02, 2.2422763e+02, 2.2426070e+02, 2.2429377e+02,  
    2.2432685e+02, 2.2436089e+02, 2.2439494e+02, 2.2442899e+02, 2.2446304e+02,
    2.2449611e+02, 2.2452918e+02, 2.2456226e+02, 2.2459533e+02, 2.2462938e+02,
    2.2466342e+02, 2.2469747e+02, 2.2473152e+02, 2.2476459e+02, 2.2479767e+02,
    2.2483074e+02, 2.2486381e+02, 2.2489689e+02, 2.2492996e+02, 2.2496304e+02,  
    2.2499611e+02, 2.2502918e+02, 2.2506226e+02, 2.2509533e+02, 2.2512840e+02,
    2.2516245e+02, 2.2519650e+02, 2.2523054e+02, 2.2526459e+02, 2.2529767e+02,
    2.2533074e+02, 2.2536381e+02, 2.2539689e+02, 2.2542996e+02, 2.2546304e+02,
    2.2549611e+02, 2.2552918e+02, 2.2556226e+02, 2.2559533e+02, 2.2562840e+02,  
    2.2566148e+02, 2.2569553e+02, 2.2572957e+02, 2.2576362e+02, 2.2579767e+02,
    2.2583074e+02, 2.2586381e+02, 2.2589689e+02, 2.2592996e+02, 2.2596304e+02,
    2.2599611e+02, 2.2602918e+02, 2.2606226e+02, 2.2609533e+02, 2.2612840e+02,
    2.2616148e+02, 2.2619455e+02, 2.2622763e+02, 2.2626070e+02, 2.2629377e+02,  
    2.2632685e+02, 2.2635992e+02, 2.2639300e+02, 2.2642607e+02, 2.2645914e+02,
    2.2649222e+02, 2.2652529e+02, 2.2655837e+02, 2.2659144e+02, 2.2662451e+02,
    2.2665759e+02, 2.2669066e+02, 2.2672374e+02, 2.2675681e+02, 2.2678988e+02,
    2.2682296e+02, 2.2685603e+02, 2.2688911e+02, 2.2692218e+02, 2.2695525e+02,  
    2.2698833e+02, 2.2702140e+02, 2.2705447e+02, 2.2708755e+02, 2.2712062e+02,
    2.2715370e+02, 2.2718677e+02, 2.2721984e+02, 2.2725292e+02, 2.2728599e+02,
    2.2731907e+02, 2.2735214e+02, 2.2738521e+02, 2.2741732e+02, 2.2744942e+02,
    2.2748152e+02, 2.2751362e+02, 2.2754669e+02, 2.2757977e+02, 2.2761284e+02,  
    2.2764591e+02, 2.2767899e+02, 2.2771206e+02, 2.2774514e+02, 2.2777821e+02,
    2.2781128e+02, 2.2784436e+02, 2.2787743e+02, 2.2791051e+02, 2.2794358e+02,
    2.2797665e+02, 2.2800973e+02, 2.2804280e+02, 2.2807490e+02, 2.2810700e+02,
    2.2813911e+02, 2.2817121e+02, 2.2820428e+02, 2.2823735e+02, 2.2827043e+02,  
    2.2830350e+02, 2.2833658e+02, 2.2836965e+02, 2.2840272e+02, 2.2843580e+02,
    2.2846790e+02, 2.2850000e+02, 2.2853210e+02, 2.2856420e+02, 2.2859728e+02,
    2.2863035e+02, 2.2866342e+02, 2.2869650e+02, 2.2872957e+02, 2.2876265e+02,
    2.2879572e+02, 2.2882879e+02, 2.2886089e+02, 2.2889300e+02, 2.2892510e+02,  
    2.2895720e+02, 2.2899027e+02, 2.2902335e+02, 2.2905642e+02, 2.2908949e+02,
    2.2912160e+02, 2.2915370e+02, 2.2918580e+02, 2.2921790e+02, 2.2925097e+02,
    2.2928405e+02, 2.2931712e+02, 2.2935019e+02, 2.2938230e+02, 2.2941440e+02,
    2.2944650e+02, 2.2947860e+02, 2.2951167e+02, 2.2954475e+02, 2.2957782e+02,  
    2.2961089e+02, 2.2964300e+02, 2.2967510e+02, 2.2970720e+02, 2.2973930e+02,
    2.2977237e+02, 2.2980545e+02, 2.2983852e+02, 2.2987160e+02, 2.2990370e+02,
    2.2993580e+02, 2.2996790e+02, 2.3000000e+02, 2.3003307e+02, 2.3006615e+02,
    2.3009922e+02, 2.3013230e+02, 2.3016440e+02, 2.3019650e+02, 2.3022860e+02,  
    2.3026070e+02, 2.3029280e+02, 2.3032490e+02, 2.3035700e+02, 2.3038911e+02,
    2.3042218e+02, 2.3045525e+02, 2.3048833e+02, 2.3052140e+02, 2.3055350e+02,
    2.3058560e+02, 2.3061770e+02, 2.3064981e+02, 2.3068191e+02, 2.3071401e+02,
    2.3074611e+02, 2.3077821e+02, 2.3081128e+02, 2.3084436e+02, 2.3087743e+02,  
    2.3091051e+02, 2.3094261e+02, 2.3097471e+02, 2.3100681e+02, 2.3103891e+02,
    2.3107101e+02, 2.3110311e+02, 2.3113521e+02, 2.3116732e+02, 2.3119942e+02,
    2.3123152e+02, 2.3126362e+02, 2.3129572e+02, 2.3132782e+02, 2.3135992e+02,
    2.3139202e+02, 2.3142412e+02, 2.3145623e+02, 2.3148833e+02, 2.3152043e+02,  
    2.3155253e+02, 2.3158560e+02, 2.3161868e+02, 2.3165175e+02, 2.3168482e+02,
    2.3171693e+02, 2.3174903e+02, 2.3178113e+02, 2.3181323e+02, 2.3184533e+02,
    2.3187743e+02, 2.3190953e+02, 2.3194163e+02, 2.3197374e+02, 2.3200584e+02,
    2.3203794e+02, 2.3207004e+02, 2.3210214e+02, 2.3213424e+02, 2.3216634e+02,  
    2.3219844e+02, 2.3223054e+02, 2.3226265e+02, 2.3229475e+02, 2.3232685e+02,
    2.3235895e+02, 2.3239105e+02, 2.3242315e+02, 2.3245525e+02, 2.3248735e+02,
    2.3251946e+02, 2.3255156e+02, 2.3258366e+02, 2.3261576e+02, 2.3264786e+02,
    2.3267996e+02, 2.3271206e+02, 2.3274416e+02, 2.3277626e+02, 2.3280837e+02,  
    2.3284047e+02, 2.3287257e+02, 2.3290467e+02, 2.3293677e+02, 2.3296887e+02,
    2.3300097e+02, 2.3303307e+02, 2.3306518e+02, 2.3309728e+02, 2.3312840e+02,
    2.3315953e+02, 2.3319066e+02, 2.3322179e+02, 2.3325389e+02, 2.3328599e+02,
    2.3331809e+02, 2.3335019e+02, 2.3338230e+02, 2.3341440e+02, 2.3344650e+02,  
    2.3347860e+02, 2.3351070e+02, 2.3354280e+02, 2.3357490e+02, 2.3360700e+02,
    2.3363911e+02, 2.3367121e+02, 2.3370331e+02, 2.3373541e+02, 2.3376654e+02,
    2.3379767e+02, 2.3382879e+02, 2.3385992e+02, 2.3389202e+02, 2.3392412e+02,
    2.3395623e+02, 2.3398833e+02, 2.3402043e+02, 2.3405253e+02, 2.3408463e+02,  
    2.3411673e+02, 2.3414786e+02, 2.3417899e+02, 2.3421012e+02, 2.3424125e+02,
    2.3427335e+02, 2.3430545e+02, 2.3433755e+02, 2.3436965e+02, 2.3440175e+02,
    2.3443385e+02, 2.3446595e+02, 2.3449805e+02, 2.3452918e+02, 2.3456031e+02,
    2.3459144e+02, 2.3462257e+02, 2.3465467e+02, 2.3468677e+02, 2.3471887e+02,  
    2.3475097e+02, 2.3478307e+02, 2.3481518e+02, 2.3484728e+02, 2.3487938e+02,
    2.3491051e+02, 2.3494163e+02, 2.3497276e+02, 2.3500389e+02, 2.3503599e+02,
    2.3506809e+02, 2.3510019e+02, 2.3513230e+02, 2.3516342e+02, 2.3519455e+02,
    2.3522568e+02, 2.3525681e+02, 2.3528891e+02, 2.3532101e+02, 2.3535311e+02,  
    2.3538521e+02, 2.3541634e+02, 2.3544747e+02, 2.3547860e+02, 2.3550973e+02,
    2.3554183e+02, 2.3557393e+02, 2.3560603e+02, 2.3563813e+02, 2.3566926e+02,
    2.3570039e+02, 2.3573152e+02, 2.3576265e+02, 2.3579475e+02, 2.3582685e+02,
    2.3585895e+02, 2.3589105e+02, 2.3592218e+02, 2.3595331e+02, 2.3598444e+02,  
    2.3601556e+02, 2.3604669e+02, 2.3607782e+02, 2.3610895e+02, 2.3614008e+02,
    2.3617218e+02, 2.3620428e+02, 2.3623638e+02, 2.3626848e+02, 2.3629961e+02,
    2.3633074e+02, 2.3636187e+02, 2.3639300e+02, 2.3642412e+02, 2.3645525e+02,
    2.3648638e+02, 2.3651751e+02, 2.3654961e+02, 2.3658171e+02, 2.3661381e+02,  
    2.3664591e+02, 2.3667704e+02, 2.3670817e+02, 2.3673930e+02, 2.3677043e+02,
    2.3680156e+02, 2.3683268e+02, 2.3686381e+02, 2.3689494e+02, 2.3692607e+02,
    2.3695720e+02, 2.3698833e+02, 2.3701946e+02, 2.3705156e+02, 2.3708366e+02,
    2.3711576e+02, 2.3714786e+02, 2.3717899e+02, 2.3721012e+02, 2.3724125e+02,  
    2.3727237e+02, 2.3730350e+02, 2.3733463e+02, 2.3736576e+02, 2.3739689e+02,
    2.3742802e+02, 2.3745914e+02, 2.3749027e+02, 2.3752140e+02, 2.3755253e+02,
    2.3758366e+02, 2.3761479e+02, 2.3764591e+02, 2.3767704e+02, 2.3770817e+02,
    2.3773930e+02, 2.3777043e+02, 2.3780156e+02, 2.3783268e+02, 2.3786381e+02,  
    2.3789494e+02, 2.3792704e+02, 2.3795914e+02, 2.3799125e+02, 2.3802335e+02,
    2.3805447e+02, 2.3808560e+02, 2.3811673e+02, 2.3814786e+02, 2.3817899e+02,
    2.3821012e+02, 2.3824125e+02, 2.3827237e+02, 2.3830253e+02, 2.3833268e+02,
    2.3836284e+02, 2.3839300e+02, 2.3842412e+02, 2.3845525e+02, 2.3848638e+02,  
    2.3851751e+02, 2.3854864e+02, 2.3857977e+02, 2.3861089e+02, 2.3864202e+02,
    2.3867315e+02, 2.3870428e+02, 2.3873541e+02, 2.3876654e+02, 2.3879767e+02,
    2.3882879e+02, 2.3885992e+02, 2.3889105e+02, 2.3892218e+02, 2.3895331e+02,
    2.3898444e+02, 2.3901556e+02, 2.3904669e+02, 2.3907782e+02, 2.3910895e+02,  
    2.3914008e+02, 2.3917121e+02, 2.3920233e+02, 2.3923346e+02, 2.3926459e+02,
    2.3929572e+02, 2.3932685e+02, 2.3935798e+02, 2.3938911e+02, 2.3942023e+02,
    2.3945136e+02, 2.3948249e+02, 2.3951362e+02, 2.3954377e+02, 2.3957393e+02,
    2.3960409e+02, 2.3963424e+02, 2.3966537e+02, 2.3969650e+02, 2.3972763e+02,  
    2.3975875e+02, 2.3978988e+02, 2.3982101e+02, 2.3985214e+02, 2.3988327e+02,
    2.3991440e+02, 2.3994553e+02, 2.3997665e+02, 2.4000778e+02, 2.4003891e+02,
    2.4007004e+02, 2.4010117e+02, 2.4013230e+02, 2.4016245e+02, 2.4019261e+02,
    2.4022276e+02, 2.4025292e+02, 2.4028405e+02, 2.4031518e+02, 2.4034630e+02,  
    2.4037743e+02, 2.4040856e+02, 2.4043969e+02, 2.4047082e+02, 2.4050195e+02,
    2.4053210e+02, 2.4056226e+02, 2.4059241e+02, 2.4062257e+02, 2.4065370e+02,
    2.4068482e+02, 2.4071595e+02, 2.4074708e+02, 2.4077821e+02, 2.4080934e+02,
    2.4084047e+02, 2.4087160e+02, 2.4090175e+02, 2.4093191e+02, 2.4096206e+02,  
    2.4099222e+02, 2.4102335e+02, 2.4105447e+02, 2.4108560e+02, 2.4111673e+02,
    2.4114689e+02, 2.4117704e+02, 2.4120720e+02, 2.4123735e+02, 2.4126848e+02,
    2.4129961e+02, 2.4133074e+02, 2.4136187e+02, 2.4139202e+02, 2.4142218e+02,
    2.4145233e+02, 2.4148249e+02, 2.4151362e+02, 2.4154475e+02, 2.4157588e+02,  
    2.4160700e+02, 2.4163716e+02, 2.4166732e+02, 2.4169747e+02, 2.4172763e+02,
    2.4175875e+02, 2.4178988e+02, 2.4182101e+02, 2.4185214e+02, 2.4188230e+02,
    2.4191245e+02, 2.4194261e+02, 2.4197276e+02, 2.4200389e+02, 2.4203502e+02,
    2.4206615e+02, 2.4209728e+02, 2.4212743e+02, 2.4215759e+02, 2.4218774e+02,  
    2.4221790e+02, 2.4224805e+02, 2.4227821e+02, 2.4230837e+02, 2.4233852e+02,
    2.4236965e+02, 2.4240078e+02, 2.4243191e+02, 2.4246304e+02, 2.4249319e+02,
    2.4252335e+02, 2.4255350e+02, 2.4258366e+02, 2.4261381e+02, 2.4264397e+02,
    2.4267412e+02, 2.4270428e+02, 2.4273541e+02, 2.4276654e+02, 2.4279767e+02,  
    2.4282879e+02, 2.4285895e+02, 2.4288911e+02, 2.4291926e+02, 2.4294942e+02,
    2.4297957e+02, 2.4300973e+02, 2.4303988e+02, 2.4307004e+02, 2.4310117e+02,
    2.4313230e+02, 2.4316342e+02, 2.4319455e+02, 2.4322471e+02, 2.4325486e+02,
    2.4328502e+02, 2.4331518e+02, 2.4334533e+02, 2.4337549e+02, 2.4340564e+02,  
    2.4343580e+02, 2.4346595e+02, 2.4349611e+02, 2.4352626e+02, 2.4355642e+02,
    2.4358658e+02, 2.4361673e+02, 2.4364689e+02, 2.4367704e+02, 2.4370720e+02,
    2.4373735e+02, 2.4376751e+02, 2.4379767e+02, 2.4382879e+02, 2.4385992e+02,
    2.4389105e+02, 2.4392218e+02, 2.4395233e+02, 2.4398249e+02, 2.4401265e+02,  
    2.4404280e+02, 2.4407296e+02, 2.4410311e+02, 2.4413327e+02, 2.4416342e+02,
    2.4419358e+02, 2.4422374e+02, 2.4425389e+02, 2.4428405e+02, 2.4431420e+02,
    2.4434436e+02, 2.4437451e+02, 2.4440467e+02, 2.4443482e+02, 2.4446498e+02,
    2.4449514e+02, 2.4452529e+02, 2.4455545e+02, 2.4458560e+02, 2.4461576e+02,  
    2.4464591e+02, 2.4467607e+02, 2.4470623e+02, 2.4473638e+02, 2.4476654e+02,
    2.4479669e+02, 2.4482685e+02, 2.4485700e+02, 2.4488716e+02, 2.4491732e+02,
    2.4494747e+02, 2.4497763e+02, 2.4500778e+02, 2.4503794e+02, 2.4506809e+02,
    2.4509825e+02, 2.4512840e+02, 2.4515856e+02, 2.4518872e+02, 2.4521887e+02,  
    2.4524903e+02, 2.4527918e+02, 2.4530934e+02, 2.4533949e+02, 2.4536965e+02,
    2.4539981e+02, 2.4542996e+02, 2.4546012e+02, 2.4549027e+02, 2.4552043e+02,
    2.4555058e+02, 2.4558074e+02, 2.4561089e+02, 2.4564008e+02, 2.4566926e+02,
    2.4569844e+02, 2.4572763e+02, 2.4575778e+02, 2.4578794e+02, 2.4581809e+02,  
    2.4584825e+02, 2.4587840e+02, 2.4590856e+02, 2.4593872e+02, 2.4596887e+02,
    2.4599903e+02, 2.4602918e+02, 2.4605934e+02, 2.4608949e+02, 2.4611965e+02,
    2.4614981e+02, 2.4617996e+02, 2.4621012e+02, 2.4624027e+02, 2.4627043e+02,
    2.4630058e+02, 2.4633074e+02, 2.4635992e+02, 2.4638911e+02, 2.4641829e+02,  
    2.4644747e+02, 2.4647763e+02, 2.4650778e+02, 2.4653794e+02, 2.4656809e+02,
    2.4659825e+02, 2.4662840e+02, 2.4665856e+02, 2.4668872e+02, 2.4671790e+02,
    2.4674708e+02, 2.4677626e+02, 2.4680545e+02, 2.4683560e+02, 2.4686576e+02,
    2.4689591e+02, 2.4692607e+02, 2.4695623e+02, 2.4698638e+02, 2.4701654e+02,  
    2.4704669e+02, 2.4707588e+02, 2.4710506e+02, 2.4713424e+02, 2.4716342e+02,
    2.4719358e+02, 2.4722374e+02, 2.4725389e+02, 2.4728405e+02, 2.4731420e+02,
    2.4734436e+02, 2.4737451e+02, 2.4740467e+02, 2.4743385e+02, 2.4746304e+02,
    2.4749222e+02, 2.4752140e+02, 2.4755156e+02, 2.4758171e+02, 2.4761187e+02,  
    2.4764202e+02, 2.4767121e+02, 2.4770039e+02, 2.4772957e+02, 2.4775875e+02,
    2.4778891e+02, 2.4781907e+02, 2.4784922e+02, 2.4787938e+02, 2.4790953e+02,
    2.4793969e+02, 2.4796984e+02, 2.4800000e+02, 2.4802918e+02, 2.4805837e+02,
    2.4808755e+02, 2.4811673e+02, 2.4814591e+02, 2.4817510e+02, 2.4820428e+02,  
    2.4823346e+02, 2.4826362e+02, 2.4829377e+02, 2.4832393e+02, 2.4835409e+02,
    2.4838327e+02, 2.4841245e+02, 2.4844163e+02, 2.4847082e+02, 2.4850097e+02,
    2.4853113e+02, 2.4856128e+02, 2.4859144e+02, 2.4862062e+02, 2.4864981e+02,
    2.4867899e+02, 2.4870817e+02, 2.4873833e+02, 2.4876848e+02, 2.4879864e+02,  
    2.4882879e+02, 2.4885798e+02, 2.4888716e+02, 2.4891634e+02, 2.4894553e+02,
    2.4897568e+02, 2.4900584e+02, 2.4903599e+02, 2.4906615e+02, 2.4909533e+02,
    2.4912451e+02, 2.4915370e+02, 2.4918288e+02, 2.4921206e+02, 2.4924125e+02,
    2.4927043e+02, 2.4929961e+02, 2.4932879e+02, 2.4935798e+02, 2.4938716e+02,  
    2.4941634e+02, 2.4944650e+02, 2.4947665e+02, 2.4950681e+02, 2.4953696e+02,
    2.4956615e+02, 2.4959533e+02, 2.4962451e+02, 2.4965370e+02, 2.4968288e+02,
    2.4971206e+02, 2.4974125e+02, 2.4977043e+02, 2.4980058e+02, 2.4983074e+02,
    2.4986089e+02, 2.4989105e+02, 2.4992023e+02, 2.4994942e+02, 2.4997860e+02,  
    2.5000778e+02, 2.5003696e+02, 2.5006615e+02, 2.5009533e+02, 2.5012451e+02,
    2.5015370e+02, 2.5018288e+02, 2.5021206e+02, 2.5024125e+02, 2.5027043e+02,
    2.5029961e+02, 2.5032879e+02, 2.5035798e+02, 2.5038716e+02, 2.5041634e+02,
    2.5044553e+02, 2.5047471e+02, 2.5050486e+02, 2.5053502e+02, 2.5056518e+02,  
    2.5059533e+02, 2.5062451e+02, 2.5065370e+02, 2.5068288e+02, 2.5071206e+02,
    2.5074125e+02, 2.5077043e+02, 2.5079961e+02, 2.5082879e+02, 2.5085798e+02,
    2.5088716e+02, 2.5091634e+02, 2.5094553e+02, 2.5097471e+02, 2.5100389e+02,
    2.5103307e+02, 2.5106226e+02, 2.5109144e+02, 2.5112062e+02, 2.5114981e+02,  
    2.5117899e+02, 2.5120817e+02, 2.5123735e+02, 2.5126654e+02, 2.5129572e+02,
    2.5132490e+02, 2.5135409e+02, 2.5138327e+02, 2.5141245e+02, 2.5144163e+02,
    2.5147082e+02, 2.5150000e+02, 2.5152918e+02, 2.5155837e+02, 2.5158755e+02,
    2.5161673e+02, 2.5164591e+02, 2.5167510e+02, 2.5170428e+02, 2.5173346e+02,  
    2.5176265e+02, 2.5179183e+02, 2.5182101e+02, 2.5185019e+02, 2.5187938e+02,
    2.5190856e+02, 2.5193774e+02, 2.5196693e+02, 2.5199611e+02, 2.5202529e+02,
    2.5205447e+02, 2.5208366e+02, 2.5211284e+02, 2.5214202e+02, 2.5217121e+02,
    2.5220039e+02, 2.5222957e+02, 2.5225875e+02, 2.5228794e+02, 2.5231712e+02,  
    2.5234630e+02, 2.5237549e+02, 2.5240467e+02, 2.5243385e+02, 2.5246304e+02,
    2.5249222e+02, 2.5252140e+02, 2.5255058e+02, 2.5257977e+02, 2.5260798e+02,
    2.5263619e+02, 2.5266440e+02, 2.5269261e+02, 2.5272179e+02, 2.5275097e+02,
    2.5278016e+02, 2.5280934e+02, 2.5283852e+02, 2.5286770e+02, 2.5289689e+02,  
    2.5292607e+02, 2.5295525e+02, 2.5298444e+02, 2.5301362e+02, 2.5304280e+02,
    2.5307198e+02, 2.5310117e+02, 2.5313035e+02, 2.5315953e+02, 2.5318774e+02,
    2.5321595e+02, 2.5324416e+02, 2.5327237e+02, 2.5330156e+02, 2.5333074e+02,
    2.5335992e+02, 2.5338911e+02, 2.5341829e+02, 2.5344747e+02, 2.5347665e+02,  
    2.5350584e+02, 2.5353502e+02, 2.5356420e+02, 2.5359339e+02, 2.5362257e+02,
    2.5365078e+02, 2.5367899e+02, 2.5370720e+02, 2.5373541e+02, 2.5376459e+02,
    2.5379377e+02, 2.5382296e+02, 2.5385214e+02, 2.5388132e+02, 2.5391051e+02,
    2.5393969e+02, 2.5396887e+02, 2.5399708e+02, 2.5402529e+02, 2.5405350e+02,  
    2.5408171e+02, 2.5411089e+02, 2.5414008e+02, 2.5416926e+02, 2.5419844e+02,
    2.5422763e+02, 2.5425681e+02, 2.5428599e+02, 2.5431518e+02, 2.5434339e+02,
    2.5437160e+02, 2.5439981e+02, 2.5442802e+02, 2.5445720e+02, 2.5448638e+02,
    2.5451556e+02, 2.5454475e+02, 2.5457296e+02, 2.5460117e+02, 2.5462938e+02,  
    2.5465759e+02, 2.5468677e+02, 2.5471595e+02, 2.5474514e+02, 2.5477432e+02,
    2.5480253e+02, 2.5483074e+02, 2.5485895e+02, 2.5488716e+02, 2.5491537e+02,
    2.5494358e+02, 2.5497179e+02, 2.5500000e+02, 2.5500000e+02, 2.5500000e+02,
    2.5500000e+02
